<?xml version="1.0" encoding="UTF-8"?>
<project-private xmlns="http://www.netbeans.org/ns/project-private/1">
    <editor-bookmarks xmlns="http://www.netbeans.org/ns/editor-bookmarks/2" lastBookmarkId="0"/>
    <open-files xmlns="http://www.netbeans.org/ns/projectui-open-files/2">
        <group>
            <file>file:/D:/NetBeansProjects/202313430044_22343033_Adelya%20Destriana%20Putri/202313430044_Adelya%20Destriana%20Putri_BookShopManagementSystem/src/bookshopmanagementsystem/BookShopManagementSystem.java</file>
            <file>file:/D:/NetBeansProjects/202313430044_22343033_Adelya%20Destriana%20Putri/202313430044_Adelya%20Destriana%20Putri_BookShopManagementSystem/src/bookshopmanagementsystem/dashboardController.java</file>
            <file>file:/D:/NetBeansProjects/202313430044_22343033_Adelya%20Destriana%20Putri/202313430044_Adelya%20Destriana%20Putri_BookShopManagementSystem/src/bookshopmanagementsystem/dashboardDesign.css</file>
            <file>file:/D:/NetBeansProjects/202313430044_22343033_Adelya%20Destriana%20Putri/202313430044_Adelya%20Destriana%20Putri_BookShopManagementSystem/src/bookshopmanagementsystem/customerData.java</file>
            <file>file:/D:/NetBeansProjects/202313430044_22343033_Adelya%20Destriana%20Putri/202313430044_Adelya%20Destriana%20Putri_BookShopManagementSystem/src/bookshopmanagementsystem/getData.java</file>
            <file>file:/D:/NetBeansProjects/202313430044_22343033_Adelya%20Destriana%20Putri/202313430044_Adelya%20Destriana%20Putri_BookShopManagementSystem/src/bookshopmanagementsystem/FXMLDocument.fxml</file>
            <file>file:/D:/NetBeansProjects/202313430044_22343033_Adelya%20Destriana%20Putri/202313430044_Adelya%20Destriana%20Putri_BookShopManagementSystem/src/bookshopmanagementsystem/loginDesign.css</file>
            <file>file:/D:/NetBeansProjects/202313430044_22343033_Adelya%20Destriana%20Putri/202313430044_Adelya%20Destriana%20Putri_BookShopManagementSystem/src/bookshopmanagementsystem/bookData.java</file>
            <file>file:/D:/NetBeansProjects/202313430044_22343033_Adelya%20Destriana%20Putri/202313430044_Adelya%20Destriana%20Putri_BookShopManagementSystem/src/bookshopmanagementsystem/database.java</file>
            <file>file:/D:/NetBeansProjects/202313430044_22343033_Adelya%20Destriana%20Putri/202313430044_Adelya%20Destriana%20Putri_BookShopManagementSystem/src/bookshopmanagementsystem/FXMLDocumentController.java</file>
            <file>file:/D:/NetBeansProjects/202313430044_22343033_Adelya%20Destriana%20Putri/202313430044_Adelya%20Destriana%20Putri_BookShopManagementSystem/src/bookshopmanagementsystem/data.java</file>
        </group>
    </open-files>
</project-private>
