<?xml version="1.0" encoding="UTF-8"?>
<project-private xmlns="http://www.netbeans.org/ns/project-private/1">
    <editor-bookmarks xmlns="http://www.netbeans.org/ns/editor-bookmarks/2" lastBookmarkId="0"/>
    <open-files xmlns="http://www.netbeans.org/ns/projectui-open-files/2">
        <group>
            <file>file:/C:/Users/user/OneDrive/Documents/NetBeansProjects/BookShopManagementSystemProject-main/bookShopManagementSystem/src/bookshopmanagementsystem/dashboardDesign.css</file>
            <file>file:/C:/Users/user/OneDrive/Documents/NetBeansProjects/BookShopManagementSystemProject-main/bookShopManagementSystem/src/bookshopmanagementsystem/dashboardController.java</file>
            <file>file:/C:/Users/user/OneDrive/Documents/NetBeansProjects/BookShopManagementSystemProject-main/bookShopManagementSystem/src/bookshopmanagementsystem/FXMLDocumentController.java</file>
            <file>file:/C:/Users/user/OneDrive/Documents/NetBeansProjects/BookShopManagementSystemProject-main/bookShopManagementSystem/src/bookshopmanagementsystem/dashboard.fxml</file>
            <file>file:/C:/Users/user/OneDrive/Documents/NetBeansProjects/BookShopManagementSystemProject-main/bookShopManagementSystem/src/bookshopmanagementsystem/bookData.java</file>
            <file>file:/C:/Users/user/OneDrive/Documents/NetBeansProjects/BookShopManagementSystemProject-main/bookShopManagementSystem/src/bookshopmanagementsystem/getData.java</file>
            <file>file:/C:/Users/user/OneDrive/Documents/NetBeansProjects/BookShopManagementSystemProject-main/bookShopManagementSystem/src/bookshopmanagementsystem/BookShopManagementSystem.java</file>
            <file>file:/C:/Users/user/OneDrive/Documents/NetBeansProjects/BookShopManagementSystemProject-main/bookShopManagementSystem/src/bookshopmanagementsystem/customerData.java</file>
            <file>file:/C:/Users/user/OneDrive/Documents/NetBeansProjects/BookShopManagementSystemProject-main/bookShopManagementSystem/src/bookshopmanagementsystem/database.java</file>
            <file>file:/C:/Users/user/OneDrive/Documents/NetBeansProjects/BookShopManagementSystemProject-main/bookShopManagementSystem/src/bookshopmanagementsystem/loginDesign.css</file>
        </group>
    </open-files>
</project-private>
